pool_address,y,x,z,true_profit,naive_profit
0xcafc89a1bbe530c06aa626b4d18ef8da44b4c9ae,0.0,0.00953425,0.0,-0.00953425,-0.00953425
0xcafc89a1bbe530c06aa626b4d18ef8da44b4c9ae,0.0,0.00953425,0.0,-0.00953425,-0.00953425
0x425564db921e2198ca744346724efab35662d48f,0.0,0.00953407,0.0,-0.00953407,-0.00953407
0x092a7c49d7ba2eea5e1b069cf962e1601b409d44,0.0,0.00594229,0.0,-0.00594229,-0.00594229
