pool_address,y,x,z,true_profit,naive_profit
0xbce4735b168b12f73d9152fb2a3b4abc3fc1cec4,0.20359678967491085,0.225810785,0.0,-0.022213995325089164,-0.022213995325089164
0x01ad0da447e6c61b6818a198aa4d942538347bd3,0.2279001160722715,0.225810785,0.0,0.002089331072271494,0.002089331072271494
0x0896528ffac6d40479709bd676261bad8fd6805e,0.2574917823387358,0.22581140500000002,0.0,0.0316803773387358,0.0316803773387358
