pool_address,y,x,z,true_profit,naive_profit
0x01d20c2001e2c1005e650335c8e7ec66420c43bf,0.0,0.028110055,0.0,-0.028110055,-0.028110055
