pool_address,y,x,z,true_profit,naive_profit
0xe545776c15ca72cf396cfdcb2fa1bca6ba441918,2.001745140756456,2.026008975,0.0,-0.024263834243543947,-0.024263834243543947
0x2a4eb0513eb44e43d1f31909ee8c6e67719718b9,2.0037721865939435,2.025705655,0.0,-0.021933468406056367,-0.021933468406056367
0x5f5737c77da3b719121492214d7fe73ca1000805,2.0046250274444035,2.026009315,0.0,-0.021384287555596515,-0.021384287555596515
0xa9915acde671e832522d223af08d5f4e65368ba4,2.0049271718672443,2.025704635,0.0,-0.020777463132755525,-0.020777463132755525
0xd7f5e7667b2812ca8ab133c92aa437f3ea33dc6e,2.0209802728507387,2.02600866,0.0,-0.0050283871492613486,-0.0050283871492613486
0x47021339f30ea311b011d860e457827603802bf2,2.041372634131696,2.025705675,0.0,0.0156669591316958,0.0156669591316958
0x34b8c7c8199dfcc4b046ce370a5f5be21d687084,1.947272917974623,1.9257053599999998,0.0,0.021567557974623286,0.021567557974623286
0x732fcff0f6c33be127b87f0ad60dc81667b113c1,2.1075334528116647,2.02600896,0.0,0.08152449281166474,0.08152449281166474
0x047fb7a09ea1b8260dd8720308d10ffbaf904fc2,2.120483174370011,2.025704745,0.0,0.09477842937001091,0.09477842937001091
