pool_address,y,x,z,true_profit,naive_profit
0x01d06264878c740b5f04da1cdc1d8aaea856cb52,-0.000953329544539518,0.02529807,0.0,-0.026251399544539516,-0.026251399544539516
