pool_address,y,x,z,true_profit,naive_profit
0x7fef65fea2cbac9c82fd5bde85521da28a2f7b96,0.022776190107995087,0.06638888,0.0,-0.04361268989200491,-0.04361268989200491
0xe1ce6c1357f4da269b17fe0b34ced131ea99f90c,0.051967900042293076,0.054980735,0.0,-0.0030128349577069266,-0.0030128349577069266
0x01cf0d001cd59b662c5704afaa53096cf67af350,1.8906131635030259,1.841316055,0.004381877471407153,0.044915231031618666,0.04929710850302582
0x8ece515dc6e7f8fad55c87952e1e1e4830044a64,2.687755837641425,2.5413905750000003,0.0,0.14636526264142447,0.14636526264142447
