pool_address,y,x,z,true_profit,naive_profit
0x07a9440cbb42761d54b2f1c79b9198669e8c6f96,13.234238899548856,1.0581645084353926,12.337799604347776,-0.16172521323431255,12.176074391113463
