pool_address,y,x,z,true_profit,naive_profit
0x0abdd7c484863f690c0656785df932aa46814707,1.9874555477755063,1.1454336615555631,0.6253957920563394,0.21662609416360368,0.8420218862199431
