pool_address,y,x,z,true_profit,naive_profit
0x108e31c73e7de8d13e923cc66a2922e4b1a5c886,18.313400736384445,3.099284355355231,16.16728120280168,-0.9531648217724644,15.214116381029214
