pool_address,y,x,z,true_profit,naive_profit
0x0a5a2647462ef085b2cb60265f0833e190655967,1.9590201269026888,1.34789187800055,0.8522779159800673,-0.2411496670779285,0.6111282489021388
