pool_address,y,x,z,true_profit,naive_profit
0x05e5c73e663bcf10db37b12da09deb676691b425,6.502399598038702,1.034109637734233,4.992563352598566,0.47572660770590325,5.468289960304469
