pool_address,y,x,z,true_profit,naive_profit
0x00693626989ab8e4b02d69aeaecc1dd8a00ca746,1.5728485786858664,1.0704940828212677,0.49395999523841394,0.008394500626184742,0.5023544958645987
