pool_address,y,x,z,true_profit,naive_profit
0x0b88cf06c8ff8af42fd3d518f9348b27bb24c347,31.07232592349637,30.167680693999998,0.0,0.9046452294963707,0.9046452294963707
0x4e186fe2e99879029e3ef848403a5bf40e87e29b,47.08398559023557,20.124682964999998,0.0,26.959302625235573,26.959302625235573
