pool_address,y,x,z,true_profit,naive_profit
0xfbd7f16c43fa29a719b2907b4ab40f531e37eba1,20.8160734915701,3.0470332419272976,19.91352058383186,-2.1444803341890584,17.769040249642803
0x01b7eca83ff00005e852054bf3709490f57a3e58,19.830574971101207,2.556737915650448,18.431688048147212,-1.1578509926964529,17.27383705545076
0x06b90b58885f1df4726c5a508635369e75669542,5.636000437775331,5.0884284508232405,0.6153838498282549,-0.06781186287616459,0.5475719869520903
