pool_address,y,x,z,true_profit,naive_profit
0x067e1a579e52747d5a8c8fb428ab6df20b8d265f,43.11901031436792,43.162241777,0.0,-0.04323146263207889,-0.04323146263207889
0x0017af076efb1c1bc4f03ab7722f060310f3056b,100.26500665961701,100.201350752,0.0,0.06365590761701867,0.06365590761701867
0xb3ef3f79f0c25763f1813a79d29ef1d341b272f4,48.54965444468163,48.202079364,0.0,0.34757508068162934,0.34757508068162934
0xea1c0058ef3af470ea1a8c2b1a273350260b14ce,51.5891319713093,50.086120619999996,0.0,1.5030113513093042,1.5030113513093042
0xc70c5627bd59b83cfbc4cd59a7ac7045f8ca7e4e,63.063907155240436,60.191289024,0.0,2.8726181312404364,2.8726181312404364
0xfcf5a25abfa2582ee89db7778d8d78507f344913,55.56944792196863,50.183508473,0.0,5.385939448968628,5.385939448968628
0x6952a6b836481488ad3fd7de375cc7fd35b82c75,56.67061950862749,50.193982812,0.20464331500000002,6.271993381627487,6.476636696627487
0x2575bf4e31723b2b53fc0954b44992449a3319aa,62.16441950993906,50.183362369,0.0,11.981057140939058,11.981057140939058
