pool_address,y,x,z,true_profit,naive_profit
0x5136f5692dda9e306d61c55b66c71a2d094495de,5.214273093730636,1.8852148318314654,4.107163493396945,-0.7781052314977748,3.3290582618991706
0x43551be11b7e0230052a0069850b3e9d5c17b614,4.927611405561297,1.833782726687587,3.5692375466897532,-0.47540886781604286,3.0938286788737104
0xb04bfcab212f487df82b13fbf5a712f7e58cbd5a,7.433606423808042,3.063557761370901,4.570977534667619,-0.2009288722304774,4.370048662437141
0x02d23c07db8352018d6938601f22678fe0d70b61,3.6692223630134277,2.278278218825256,1.5750055107651546,-0.1840613665769828,1.3909441441881718
