pool_address,y,x,z,true_profit,naive_profit
0x03b101058d2cad4f32ba1978b6293a727573a21d,1.3724351774149721,2.0175641721182482,0.25400250043936506,-0.8991314951426412,-0.6451289947032761
0xbf880036418f60941c5824a8627c1c914847a9ff,1.437397223951371,2.043477495526859,0.0,-0.6060802715754878,-0.6060802715754878
0xd6e5446f6e4e2df0b65a99ecc66df09615d85d5b,1.7139778655926643,1.0256305663922598,0.6136346057020452,0.0747126934983593,0.6883472992004045
0xe88900eee7630b280ba2040825a68308ca3c8591,1.5879755651823775,1.0261080297037326,0.2337189489407512,0.3281485865378937,0.5618675354786449
