pool_address,y,x,z,true_profit,naive_profit
0x108a377ee25e6c9627f4aec1fd571e3932c7a076,12.205124384152553,2.132203655306998,8.282102144505032,1.7908185843405224,10.072920728845554
