pool_address,y,x,z,true_profit,naive_profit
0xf5c8783ba85c6433a12a91cdb9a5bb4d7f59f7df,1.4587051830096391,1.0331246250235788,0.48831791602587304,-0.06273735803981273,0.4255805579860603
0x10956000c0f3a973ba2fb1b758f179ea109f4e91,1.4896733787432797,1.012018682241868,0.4951493541100512,-0.017494657608639497,0.4776546965014117
