pool_address,y,x,z,true_profit,naive_profit
0x03d7842e0347e697363747876bb32cc218ef804d,1.7646385171513448,1.0499407689903821,0.9420816408500899,-0.2273838926891273,0.7146977481609627
0xfb076099339cbbbe4092f1936026cd5047bbccfe,1.857997782020291,1.0387952440126078,0.9082486979768835,-0.08904615996920018,0.8192025380076833
