pool_address,y,x,z,true_profit,naive_profit
0xc48b0ab757521e0aca890ed1dbac6b413e4a3f87,3.7262395154803216,2.065334112300535,6.997989861447584,-5.337084458267798,1.6609054031797865
0x35fd643f636ba93125af6cff11fb7e2e3c3f77e4,9.087039036233483,8.075195488838904,1.106003713841676,-0.09416016644709768,1.0118435473945784
0xc7cc53fd95e008f6d61545e4c2357364b8e7f3af,11.63601608946859,10.075998116800784,1.6496327435669123,-0.08961477089910619,1.560017972667806
0x09b81e712c39e335fd4958ab68b5acee80cbda12,1.9945749799856904,2.0732918846190804,0.0,-0.07871690463338998,-0.07871690463338998
0x1b90f6473dbe23325ced96544595c0107f4f36a4,4.06776080393062,2.0938212133698517,2.0026503305180756,-0.028710739957307663,1.973939590560768
0xdd8e400d6586dd7528910e50cfe053c6a72d86f0,8.06748934303017,8.061132040632934,0.0,0.006357302397235642,0.006357302397235642
0xed759903ebf57751908156362410cae5fdd3fc03,8.123038739601805,8.092843578990749,0.0,0.030195160611055982,0.030195160611055982
0x8ad43346a473d94e05327d362d6c760fb048130f,9.731610797628033,8.074041749284557,1.5025656866157437,0.15500336172773177,1.6575690483434755
