pool_address,y,x,z,true_profit,naive_profit
0x0e93e53c1dc22e88611c38db8cffa6752c7466a4,1.1970211918804339,1.0757581548563961,0.22309577255700708,-0.10183273553296934,0.12126303702403773
