pool_address,y,x,z,true_profit,naive_profit
0x0cc5ea862fc9544d08d0b6849e4e6d0507bf593c,0.5559081798509088,0.52579970016781,0.176017266,-0.14590878631690118,0.03010847968309882
