pool_address,y,x,z,true_profit,naive_profit
0x0e7bf33eab0311625f13d5e2e6aa187a436cecd2,1.1637631869681047,1.0259817597490593,1.2244488902486066,-1.0866674630295612,0.1377814272190454
