pool_address,y,x,z,true_profit,naive_profit
0x0ac50fee33214fdf634feda8b86dedafc7fdcf4f,10.714388124643273,1.0142491446215816,1.7557309597022919,7.9444080203194,9.700138980021691
