pool_address,y,x,z,true_profit,naive_profit
0x0d69b2debc8932fa72b3fe5cd07d52be4c7b9232,3.5349372859812216,2.11354424534236,1.6720292146749285,-0.25063617403606675,1.4213930406388617
