pool_address,y,x,z,true_profit,naive_profit
0x252cfbcf143691bf40d8a1a41d38bb2ff46abad2,4.98048982574121,5.594652034580187,0.0,-0.6141622088389767,-0.6141622088389767
0x252cfbcf143691bf40d8a1a41d38bb2ff46abad2,4.98048982574121,5.594652034580187,0.0,-0.6141622088389767,-0.6141622088389767
0x67375ba5c92f06befec9020710452bb5874075a1,6.261934683556441,6.415141145862267,0.0,-0.15320646230582646,-0.15320646230582646
0x7f03af3f4125560a25bac71ef5bdbfc12f4cabac,5.28026717530021,3.873318914006796,0.0,1.4069482612934143,1.4069482612934143
0x0f9eb3d35551d1482d9b518ed0bc6e7b2ec4f62d,5.567714492329699,3.1840562590995263,0.0,2.383658233230173,2.383658233230173
0x22611ec64234e39d710ce7a74aeec6f92b36cc43,11.75912691438884,8.194388016479078,0.0,3.5647388979097627,3.5647388979097627
