pool_address,y,x,z,true_profit,naive_profit
0x01cabc88813931f7b18c0408d678bfabdfb90240,1.7920639665461757,1.0445881223671283,1.128856827378076,-0.38138098319902847,0.7474758441790474
