pool_address,y,x,z,true_profit,naive_profit
0x5926d5aa32b6219dfe963de0655548d149eac0b0,9.137335736981056,9.05249452885226,0.0,0.08484120812879681,0.08484120812879681
0xb4a3762f73504d034e862fbeaf111c0cc38bfcf0,1.2888866252922773,1.0509531542759387,0.0,0.23793347101633855,0.23793347101633855
0x04337957ed2baebe08126b870a2365b559e3fa4f,2.6154380982306322,2.0777014224797203,0.0,0.5377366757509119,0.5377366757509119
0x1e38eddd0d5bfb62c43dccb0c716c203dca145ee,6.055196603029949,5.05667730365991,0.0,0.9985192993700389,0.9985192993700389
0x44416ef7f89c055c33e69a314de941826cdc2dda,30.67090859393934,29.050295007445207,0.0,1.6206135864941338,1.6206135864941338
0x0003c3ae9ff2d0fbba817a2e4c609bd5e55eb66b,17.51658007371903,14.055079455999145,0.0,3.461500617719885,3.461500617719885
0xbe12d818d24ca32f5493671586185476029b8e69,24.45507743571558,20.053966735233598,0.0,4.401110700481983,4.401110700481983
0xc246beea7fbcc2976ce305c1044f5f32a8316d1c,28.03044753600029,20.05253619621046,0.0,7.977911339789827,7.977911339789827
0x734cbd74d5050af1bd8c497c6abc24dd9493fd18,38.61427093574427,30.047417888424516,0.0,8.566853047319757,8.566853047319757
