pool_address,y,x,z,true_profit,naive_profit
0x478a4b48ac8923a120a301b802248589e15b1525,3.7826823699281835,1.721685926680051,2.588649669796868,-0.5276532265487353,2.0609964432481327
0x01da0ae78b854f253248190a5487d2ac88fb3c03,2.6275928933363994,1.7147579357804756,1.1526671697902715,-0.2398322122343477,0.9128349575559238
0xf85bfce6771bf0ecfa4e42718c1064b0d532324a,8.975121233239486,3.1209363515335014,5.851777044714222,0.002407836991762835,5.854184881705985
