pool_address,y,x,z,true_profit,naive_profit
0xff752d29208c4b86edb6f76263cdf6b60257843e,5.8820198330455185,1.0590595408323964,5.031093013195792,-0.20813272098267,4.822960292213122
0x05b06c2d4658e0df078c972d7b44728493321df5,1.078110945151882,1.033672076934123,0.0,0.044438868217759,0.044438868217759
0x7fd07c8112a5d1b78fbf49c5f817b93196b630f9,3.1968953398679663,1.0307749760990446,0.0,2.166120363768922,2.166120363768922
