pool_address,y,x,z,true_profit,naive_profit
0xbe4f51555bb807c5bcaef5ee6ab00edac921c900,1.9393699193100178,1.0983118304572186,0.9752373498066313,-0.13417926095383215,0.8410580888527992
0xe03a36a17d41c88c13f29f73c179d58fe16e3f3b,1.8452370142127381,1.0332555650935449,0.8405247471554697,-0.02854329803627642,0.8119814491191932
0x0dea550846a5a288fe80578bf22772f1bc734180,1.957378677343851,1.0349357146465403,0.9352002116923984,-0.012757248995087678,0.9224429626973107
