pool_address,y,x,z,true_profit,naive_profit
0x10895b0976077e31b31530fcd2fecc1fc06b4b3e,1.8955829909345652,1.1670231638238737,0.896098679674582,-0.16753885256389056,0.7285598271106914
