pool_address,y,x,z,true_profit,naive_profit
0xa76932e432dd1685fb853185f98fa6f425cd776c,14.98727267181155,15.433120332,0.0,-0.44584766018845023,-0.44584766018845023
0x8fc0a4ec3a6ee8336173493d2691678674449453,19.99204253635761,20.279291901,0.0,-0.2872493646423919,-0.2872493646423919
0x5fbf4800706b0dd4228decb36bd2796f88cb5f77,11.112168098316136,10.278110545,0.0,0.8340575533161356,0.8340575533161356
0x03b128f9f285eec926731fcf6d92da7d9f9fe6c8,21.84101814717076,20.297727086,0.0,1.5432910611707626,1.5432910611707626
