pool_address,y,x,z,true_profit,naive_profit
0x0138eef2c15f5cccf1305708f329f1813c8f5060,10.967707611346537,1.088756383857018,9.759573852839182,0.11937737465033749,9.87895122748952
