pool_address,y,x,z,true_profit,naive_profit
0x72aa3c198acd770fcc56c7c5d8af1a47da6f65d3,1.2332354938830155,2.039226718753355,0.2479498387548011,-1.0539410636251405,-0.8059912248703394
0x42037baa182ee13c56a0c7c6f97540e2e55d998d,1.2755263526870375,2.0197458911801984,0.2421810244999042,-0.9864005629930651,-0.7442195384931609
0x9a7c0060a8c481815a9e7e846741049d7a87dc0d,1.1857607434450705,2.017308830961637,0.0,-0.8315480875165666,-0.8315480875165666
0x0ab1f466391f21ccfd38a9f588253e2fcd23451f,1.256702227966115,2.0190406804771666,0.0,-0.7623384525110515,-0.7623384525110515
0xf4b9f996b5a72d6ab6a77f37d018ad7cc4908b20,1.2893430369697438,2.035505826941665,0.0,-0.7461627899719212,-0.7461627899719212
0x80be1fc27bac5965fda607078ce125133d2ca7ea,1.3166789139191204,2.0270806812946063,0.0,-0.7104017673754859,-0.7104017673754859
0xdf919b2539796743d51c4a0e2065aacf5e7923cf,1.1661234079601435,1.0387088964608011,0.0,0.12741451149934235,0.12741451149934235
