pool_address,y,x,z,true_profit,naive_profit
0x0e87cdb5f8117327381b55647b7acf3dfd9d4ef9,1.5228967485228864,1.108454975435235,0.2897345570862603,0.12470721600139101,0.4144417730876513
