pool_address,y,x,z,true_profit,naive_profit
0x03d6299369ff6c5a14745b9aee36ff187e730077,2.7553428620341562,1.273758998681969,0.897865665992046,0.5837181973601412,1.4815838633521872
