pool_address,y,x,z,true_profit,naive_profit
0x0c74c7d1dde219880953d69a84e61214963aecf5,1.6948161796858945,1.1827223331739198,0.786864646214937,-0.27477079970296236,0.5120938465119746
