pool_address,y,x,z,true_profit,naive_profit
0x0d732db273e9a5787f78c373ab9babaea47f90d5,2.9136953560671457,1.4977612175896267,1.1261565413274413,0.2897775971500778,1.415934138477519
