pool_address,y,x,z,true_profit,naive_profit
0x10c725d6db1e89542313d16b3892af180cc4b5db,23.304155000033266,3.454985524842006,21.051656380992902,-1.202486905801642,19.84916947519126
