pool_address,y,x,z,true_profit,naive_profit
0x098523a6b444389d4de734691e84309a0d170a57,2.22104627272267,1.0328466739247,1.2860249178206593,-0.0978253190226892,1.18819959879797
