pool_address,y,x,z,true_profit,naive_profit
0x0de7d21a93599ae4f45c6bd2f3f32b16cd6d5494,23.276690346407744,16.152119323426184,5.2208075540155905,1.9037634689659688,7.124571022981559
