pool_address,y,x,z,true_profit,naive_profit
0x02e27cc67989b287ec583e48109dccf7593acbd8,4.826048080799785,0.5975144771185764,4.408583395739862,-0.18004979205865368,4.228533603681209
