pool_address,y,x,z,true_profit,naive_profit
0x1446a175fae4867f49e97a29017eb5569db59167,1.87371996745737,1.6724377884485484,5.9422808383636765,-5.7409986593548545,0.2012821790088215
0xfbacb030825932e385a36259cb55b61fdb169b17,5.3438917790940135,2.7615002812098703,2.2687397358612515,0.3136517620228916,2.582391497884143
0x0fe8a3c03ac8922f80d376dd48da98b94f43ee93,10.217080556735707,3.0676215224239676,6.771672848301657,0.3777861860100824,7.1494590343117395
