pool_address,y,x,z,true_profit,naive_profit
0xeed8b3a02276d37ba7e6365b2464f4db6373a9f9,2.491637829792163,1.0725982049966967,2.0960643872639233,-0.6770247624684571,1.4190396247954662
0x013eba5bfdf062d732aafdf0fb284b55c32d7898,3.7388786199009267,2.1049852696382794,1.4194310728268713,0.21446227743577606,1.6338933502626474
