pool_address,y,x,z,true_profit,naive_profit
0x5e399068b06330edc7997a7454869fe5675ce559,3.4564722144947426,2.4600772773231663,0.0,0.9963949371715763,0.9963949371715763
0xa9abf00926e81c5e657d7d66f17384be98325efb,3.407113277563619,2.3611966115789937,0.0,1.0459166659846253,1.0459166659846253
0x03092eab35241049f35d6ce326fb1c799ea664d8,3.4721806152348775,2.408842297280394,0.0,1.0633383179544835,1.0633383179544835
0xfd6d02b8dd6d4ab14de4e35ec8c857c7d6425f00,3.4737435771458043,2.4095632177956183,0.0,1.064180359350186,1.064180359350186
0x3350466e039f950f5f4a23a06d6577f388559da0,3.3405000883457907,2.2120847318371277,0.0,1.128415356508663,1.128415356508663
0x5a4b80352a3c5346978f7f88dde7478f581fd503,3.156853323408985,2.008083612770136,0.0,1.1487697106388488,1.1487697106388488
0x4962fa664d4b5535ee3f1a7f28c9173e4babd4b5,3.1938730137399305,2.0059292114655003,0.0,1.1879438022744302,1.1879438022744302
