pool_address,y,x,z,true_profit,naive_profit
0x0115fe7ee91ba3b13703be747daa73719fb309b5,1.8753119288608315,1.1030596843591935,0.904832730043197,-0.132580485541559,0.772252244501638
