pool_address,y,x,z,true_profit,naive_profit
0x0c702d8ef81a38ccb81ff11731b2cae13dd3ff65,1.2551568825906851,1.3500117945086412,0.0,-0.09485491191795603,-0.09485491191795603
0x3bb01e1d4ea4fb0952b8a65aa6c06fe0ed0d8f3e,0.01500175384457187,0.10631364797464293,0.0,-0.09131189413007107,-0.09131189413007107
0xe84755e22184afeeb5fcc0349e3a33f50d2d8e9d,1.1159538980676487,1.2057557634730651,0.0,-0.08980186540541646,-0.08980186540541646
0x454ea5fcd8e1a728d3475a5b0be4632f94b3dd56,1.2460453470825075,1.310291023827383,0.0,-0.06424567674487558,-0.06424567674487558
0x7b781688d22979a70c259e89cd9cadcf03352e2e,1.1855406800597998,1.2017730413430532,0.0,-0.016232361283253338,-0.016232361283253338
