pool_address,y,x,z,true_profit,naive_profit
0x0fe704c973de70f773485b2b1030e4a1133a3e8e,1.5958988364862023,1.1566461747792718,0.5411021058019256,-0.10184944409499508,0.43925266170693056
