pool_address,y,x,z,true_profit,naive_profit
0x0330be297633a3563459471dffd472d9aa70950c,4.379406740873068,2.6583795115304367,2.0476253560760576,-0.32659812673342614,1.7210272293426314
