pool_address,y,x,z,true_profit,naive_profit
0x744db6ae9c49601894fc127df1d61b7b5bd7e2c3,2.3675777473478647,1.5625654339039035,1.109928628824449,-0.3049163153804877,0.8050123134439613
0xf3133e6e1a6ead171efc6219ca2de881ab5a244a,2.7406854668555964,1.786887731418294,1.116539171446881,-0.1627414360095787,0.9537977354373024
0x02db37be053a46e783eadbd0b217c5b840047e07,2.5378467968833505,2.139594590843102,0.5463829054091465,-0.14813069936889822,0.39825220604024825
0xdaf38857670eb6d54fd1f0d77f753fd1b5aca5c2,2.9918690540902464,1.7727174974250233,1.1939212157956587,0.025230340869564438,1.2191515566652231
