pool_address,y,x,z,true_profit,naive_profit
0x3f85ddcba852521b6ed3da05fe2be16d9e76a0ab,13.151377898758309,3.062933394947829,13.330983839263336,-3.2425393354528556,10.08844450381048
0x10e089c52db3ae5d269f1ec5473f92a8f0bbf0f0,16.58506198822467,10.08733953172163,6.640467303856043,-0.1427448473530033,6.497722456503039
