pool_address,y,x,z,true_profit,naive_profit
0x09b957298c3f79d8068f54a3593791c4ca152715,2.0276781546293123,1.1731682769310932,1.2296042068233848,-0.3750943291251656,0.8545098776982192
0x9c5ee7a326900b12c943f30b9c0d30e7dd28ff8c,1.913351089105491,1.182787317093981,0.9767523940012593,-0.24618862198974945,0.7305637720115099
