pool_address,y,x,z,true_profit,naive_profit
0x6e800e14972f3b2c02e057a48c4da4b83eee0a81,1.9916414558983322,2.1729967386601645,0.0,-0.18135528276183233,-0.18135528276183233
0x442f046931d9707922fd2462c908a05b71f540bb,1.56291630614399,1.6349406780371345,0.07943358079895667,-0.15145795269210127,-0.07202437189314459
0xe7f013d63cae5d1c838c7ec6b4e0665738e434ce,1.5064609005188445,1.5587266496888381,0.0,-0.0522657491699936,-0.0522657491699936
0x9c23a30f0fea66da55a31b6d044396302daa6797,1.5873877076610683,1.5522149103296077,0.02255104477486128,0.012621752556599336,0.035172797331460615
0x068545c553333115304d8187c62a792020ce0af6,1.5585655363014137,1.5248262608839322,0.00549986549131797,0.02823940992616348,0.03373927541748145
