pool_address,y,x,z,true_profit,naive_profit
0x626946a63f2a3a4852dc6487165e00cb6ae0ecbf,2.938694811854736,2.0290924174678833,0.8585301037897705,0.05107229059708207,0.9096023943868525
0x626946a63f2a3a4852dc6487165e00cb6ae0ecbf,2.938694811854736,2.0290924174678833,0.8585301037897705,0.05107229059708207,0.9096023943868525
0x4509a164a9159e8b048952654949674943b6faf5,2.9885259047145727,2.0640782137360363,0.8419112048367068,0.08253648614182962,0.9244476909785364
0x4509a164a9159e8b048952654949674943b6faf5,2.9885259047145727,2.0640782137360363,0.8419112048367068,0.08253648614182962,0.9244476909785364
0x0961136cee45310909e1032a9099faaa3ecb24c6,3.4228984026452514,2.072072664708018,0.4616643129131246,0.8891614250241089,1.3508257379372335
0x0961136cee45310909e1032a9099faaa3ecb24c6,3.4228984026452514,2.072072664708018,0.4616643129131246,0.8891614250241089,1.3508257379372335
0x3a311631ff58b233520b37b25625de508c80da52,4.4363417055271075,1.2264804868198134,2.073394020210131,1.1364671984971633,3.209861218707294
