pool_address,y,x,z,true_profit,naive_profit
0x78e22cdc6be161583c4056cf16a7213281fc8d03,2.393518115133301,1.6579983714587707,1.1063079933475455,-0.37078824967301527,0.7355197436745302
0x137a99d01b514cf31dc2c8c94a6484692e843e64,2.686022429387095,1.8686129059851169,1.0586991183349286,-0.24128959493295032,0.8174095234019783
0x0959b7cc0f2ae1fe735b6f36035d170dd9ba247d,3.1425674491074225,2.0848414072205106,1.116126765047427,-0.05840072316051503,1.0577260418869119
0xcabffa7c005910ce80a7314b09e4e6e2c83b7d71,3.425106026892457,1.8916062280342987,1.5077609941055985,0.025738804752559963,1.5334997988581585
