pool_address,y,x,z,true_profit,naive_profit
0x0da9d4818c3969f2483793b0b05a38e61076a939,4.646752425353887,4.457246686829071,0.0,0.189505738524816,0.189505738524816
0xd8d2923bffd02866a6c1e7a80179dcc93b74377e,2.4366716435525517,2.099154556893778,0.0,0.33751708665877356,0.33751708665877356
