pool_address,y,x,z,true_profit,naive_profit
0x0a5ce066162feccbe434fcad9e7e01de3db5b178,2.1624393367578696,1.176213983010661,1.5232149400786124,-0.5369895863314038,0.9862253537472085
