pool_address,y,x,z,true_profit,naive_profit
0x486d20e3908696e2bb8b39eee8d84a5c3c98a67e,1.1085306072113934,1.061451754617688,0.2515246941689606,-0.20444584157525525,0.04707885259370537
0x3bb12dd7c4dfbb3f5b27ea6234eb98ba7cdefaf9,1.0427695434542685,1.1507763296167457,0.0,-0.10800678616247716,-0.10800678616247716
0x093c0b2ef0a37e336f7667000201d733dcdfe013,3.1810211145624843,2.1130785672160783,0.9571266332164772,0.11081591412992875,1.067942547346406
0x453c64915f62c58bb13eeb090817417118795fbe,1.5098859887566345,1.0610597829815551,0.09666432767261252,0.35216187810246685,0.44882620577507937
0xb628fac97673853db868a7d4bbfebbb6d71a2044,1.5702158673248552,1.0402088071863003,0.1500460455230453,0.37996101461550963,0.5300070601385549
0x0e790177dc08929b060a22f73fdc4747c03b3aaa,2.312265740182773,1.0606844335525272,0.47415410329210356,0.7774272033381422,1.2515813066302457
