pool_address,y,x,z,true_profit,naive_profit
0x05b448ef8f1edf06f310c21cf1e986cfbd608406,3.4783580719832896,2.036496633580383,1.4212172400000007,0.02064419840290599,1.4418614384029067
