pool_address,y,x,z,true_profit,naive_profit
0xccc6d3bab5ed9aec1f256789df25de445cc223bf,1.1268836496491064,1.0730941352095598,0.18963934225729692,-0.13584982781775032,0.053789514439546604
0x6f7d65814a6c7682a1523683e4cec4699d9b7254,1.078353531154138,1.1028442266870835,0.0,-0.024490695532945583,-0.024490695532945583
0x37eff9915cd7e71b5cf8ba299bef86c90bbdb33e,1.0418283960830086,1.0578836485459284,0.0,-0.016055252462919833,-0.016055252462919833
0x1585db57e592d14277f53d37ff429b32686fdeef,1.2377748660027756,1.0479237316344754,0.10572914231612303,0.08412199205217723,0.18985113436830026
0x105a296f58615b79b454e473c6aafa78d9cfcc26,1.153025788990221,1.0672065361439378,0.0,0.08581925284628311,0.08581925284628311
0xe1671df5df0e3f7e7f1c6752cbc43632bfa9777d,1.2677936038274296,1.0657598922998959,0.0784902473811316,0.12354346414640209,0.2020337115275337
0x0971fc8a1ae166435b88ba71bb1a59f5484162af,1.3267956705219526,1.135558287610021,0.0,0.1912373829119316,0.1912373829119316
0xc314c03de8fc4c1f52331d8c33bfb94222b13bea,1.2537640568410051,1.0460314123128436,0.0,0.20773264452816154,0.20773264452816154
