pool_address,y,x,z,true_profit,naive_profit
0x1cbda8478b9b3f1402aa71ed6f4e7fae5f28778a,1.9782905024937114,1.7805405473213423,0.0,0.19774995517236915,0.19774995517236915
0x0773bca01aeec24b3e3a7022b37116c6cabc844a,4.097526977170963,1.7457226680624178,1.074848615851415,1.2769556932571304,2.3518043091085454
