pool_address,y,x,z,true_profit,naive_profit
0xa61f164cd6bff15e3d85aecdcc5996c9101eacb3,2.2582507541271664,1.8145673296827836,1.1034924125920025,-0.6598089881476197,0.4436834244443828
0x573eaa3a5db2589f35ea2dc4166e1f217af8f487,2.2086551140057087,1.656239248926363,0.8195175756388164,-0.26710171055947085,0.5524158650793456
0x42915884ba3ffe50649336bb5379af996fc41102,7.578351678172366,5.132587944472677,2.6715271827535028,-0.22576344905381385,2.445763733699689
0xea8bba9516af527a0ad4d48ae7b1f555ecd23c5a,1.5097804179386853,1.1150439212266121,0.5953542809507006,-0.20061778423862742,0.3947364967120732
0x077f56a854085d68126a32a3729b3122ead9b523,3.029051274218805,2.1095898054707143,1.0956186924905635,-0.1761572237424729,0.9194614687480906
